0,ALB
0,AMONGST
0,ANGSTS
0,BILGE
0,BOINGED
0,BORSCHT
0,BORSHCH
0,BREADTH
0,BRONZED
0,BULB
0,CALCED
0,COMBS
0,COOLTH
0,CORPSED
0,CULM
0,DELFT
0,DEPTH
0,DREAMT
0,EIGHTH
0,EXCERPTS
0,FALSE
0,FIFTH
0,FILMED
0,GLIMPSED
0,GOONCH
0,GOUGE
0,ENGULFED
0,KILNED
0,KIRSCH
0,MIDSTS
0,MULCTS
0,NINTH
0,OBLIGED
0,OBVS
0,OOMPH
0,PIERCED
0,PROMPTS
0,SCARCE
0,SCULPTS
0,SIXTH
0,SPOILT
0,STILB
0,TRAIPSED
0,TWELFTH
0,UNBEKNOWNST
0,VULN
0,WARMTH
0,WHILST
0,WOLF
0,WOLVE
0,WORLDS
0,WOUNDS
0,YOICKS
0,HEIGHTH
0,IRON
0,KARSTS
0,ANGEL
0,ANGRY
0,ANXIOUS
0,CHIMNEY
0,COMMENT
0,EMPTY
0,ENGINE
0,FOIBLE
0,FOYER
0,HUNDRED
0,HUSBAND
0,LIQUID
0,LUGGAGE
0,MONSTER
0,NOTHING
0,OLIVE
0,PENGUIN
0,POLKA
0,PROBLEM
0,SANCTION
0,SANDWICH
0,SECRET
0,ZIGZAG
0,ORANGE
